day	municipality	both
0.4697720149119557	0.05796230521267704	-0.012904606459999041
0.46745121667908635	-0.023603157039221615	0.03627267458515639
0.4727289485344424	-0.06308955766577162	-0.06453504378773439
0.4711570020237866	-0.008961139275251924	-0.004045443445721372
0.46741546452667965	-0.11187412157857947	0.011206480927358705
0.47093828059924403	0.03392496345293436	-0.01118603050841753
0.4709512589833967	-0.11740069880994293	0.07525723977533189
0.4921767589768901	-0.04773351715502433	0.03106189859377004
0.4840586847792787	-0.03903804755011496	0.021181943547894374
0.47039498715530453	-0.03318884853787871	0.0025892587504849655
0.474642015263817	-0.03604261437679875	-0.0006895633333398637
0.4692170941168708	-0.04505990543379368	-0.0424259827082958
0.4751878708461722	-0.07416320534522979	0.04212745818077319
0.4612608191223252	-0.014878110409420834	-0.00931895635962144
0.4710010683494488	0.061992252472289414	-0.01857764416774635
0.48107490743549836	-0.10357060036334512	0.050330767361795786
0.4892483399582987	0.00836341347723046	-0.005642217378406484
0.4550980367267904	-0.08045236523261723	-0.050895929956880206
0.49919075939162993	0.052725405417521534	0.022128072403436345
0.4787861395089324	-0.048042217455077973	0.002407737850615066
0.4747167914819009	-0.023257860311188858	-0.035599014831850004
0.47624522925517737	-0.07531489527132762	-0.03830386676390542
0.4843973567107829	0.014055904588544554	-0.00902914681665047
0.48343147331211067	0.01595175986945491	-0.04065162038253532
0.4775603146510635	-0.034705280874836264	-0.028645911183743995
0.4836117066912993	0.034053558618401696	0.022799634901994142
0.4832303506969126	-0.0006483671342856312	-0.017508093068934052
0.4954033473353746	-0.10563675273576781	-0.017421727735895082
0.49336641088273403	-0.018169757919400203	0.016268497538390103
0.4788976337242366	-0.05686916409463403	0.009397830960282448
0.48481145559815886	-0.008245624169718127	0.07896696873538012
0.49515466352992127	-0.012501091217280822	-0.0011173014386291842
0.4753442280268199	-0.005177192658415832	0.024805287690340985
0.4759148142273344	-0.007434662588104921	-0.04229141563278412
0.48723125498355496	-0.07404005630138441	0.05084784522604328
0.4625786877858092	-0.04290994883027694	0.01715652644594917
0.4739292366225307	-0.05521401634371315	0.01200560983415264
0.47467290744567336	-0.03802745691680404	0.009208414658150657
0.4703396723027662	-0.0428284958778258	-0.04694399599851192
0.48939839018208775	-0.10567756144001615	0.010897488139374103
0.46179273354122513	-0.0795459023461651	-0.007034036043155202
0.4817162766714926	-0.08072281002769671	-0.024769221239484836
0.4857264613291526	-0.056281331090497065	-0.07351735714954971
0.4631780935347782	-0.06567261667556443	0.05901248860105665
0.4613269765989292	-0.06859683411363518	0.05640307944272382
0.4803061308869125	-0.020064816173662754	0.07666597255183866
0.4724930250757358	-0.0013584119144924723	-0.019052080031513447
0.49407888862778354	-0.0007041458334210542	0.036651403106241834
0.46812344381384835	0.005232308144779782	-0.010213169111655422
0.4752532902430989	0.037370271503800435	-0.03269189060633039
0.46617221771974976	0.020155561743639028	-0.037961792356329134
0.47344113288527473	-0.0906391932845426	-0.008590373968862282
0.4697874964749226	-0.0506114605959802	-0.07529270226670447
0.4675259621257146	-0.1102536330831449	0.005890718308104263
0.48556112939112084	0.030932588784135143	0.0053303437017924345
0.46466558085143816	-0.01738129962783021	0.03662247455309825
0.4660196671709357	-0.022097045871337963	-0.02869140540784439
0.4850015088125093	-0.022397805329732755	-0.04224080280195261
0.480747250911677	-0.04349456843619572	0.07821099035302351
0.461094374881271	-0.05026293276989347	-0.013179458313197893
0.4636143404349766	0.027401601943478918	-0.052901491788818346
0.46657892292160397	0.01933000940386031	0.000718795300667256
0.46813654217528317	-0.10356462322960715	0.07556066451145994
0.4760488661183875	-0.04602590584708846	0.021443244806677936
0.4941212467260555	0.004068243888089445	-0.043503094717687166
0.48053510441616376	-0.022432612396304532	-0.04074479210771379
0.4731374199128489	0.02189184843038541	0.022016335809432366
0.46871491034695434	-0.036498057567150445	0.011096181878990674
0.4778815952408849	-0.024103474451623863	-0.00350114217393381
0.47012813501072825	-0.029913513260560763	0.03578516690156662
0.4794452964463502	0.03381116106534571	0.014556324808041013
0.45348890121721097	-0.0553909827242355	0.05369461099476354
0.47407130630635314	0.004944732187849207	0.11998736341927203
0.48508032366567955	0.03125583929594765	-0.14401413913391778
0.4903398675685112	-0.08601263458759122	-0.019976286530303113
0.4910416230775278	-0.07529500906399812	-0.03780327718461652
0.4809738978567196	-0.09087766878123708	-0.05255913980779792
0.48058744979700196	0.05667514132056251	-0.05897899909941387
0.47696692858362955	-0.06855430183616686	-0.016667911721283752
0.4734638913753131	-0.0894766867473825	-0.08118584641554934
0.4756291206317167	-0.061335118875964954	0.014008802580528106
0.47707676994324877	-0.05651948587051572	-0.030827542728490993
0.4763321336184673	0.07498642482708488	0.037150971290399945
0.4790610324594091	-0.11997040770996632	0.009696706806461786
0.48213760286873325	-0.046895903090747926	-0.11261706684829004
0.4967005461655862	0.01879598088697867	0.07170026434475593
0.45936403852136726	-0.11761790510164374	0.021347034895605382
0.4961536953554336	0.019238247971537153	-0.04102948504868677
0.469168232622813	-0.006611105869069776	-0.0540933861789027
0.46737088099463553	-0.0017529749069928617	0.11254554112575167
0.4903451184176873	0.06646045173379793	-0.015372897715427667
0.48234299296282135	0.03430320728812644	0.054915243788979586
0.4937385480140753	-0.05425527923689556	0.0605017068564583
0.48596179490806896	-0.05606571442510218	0.06306923115573744
0.4845455451752104	-0.040098715687220385	-0.015434937975093203
0.49121383750208336	-0.018757706257765162	0.008028377153763103
0.47903793906586034	-0.054808423610269726	0.01714442487857712
0.4855386777296705	0.019557795989591235	-0.047602208060946165
0.49257723877458476	0.04005826188663868	0.0038724701453110625
0.4710728531439692	-0.03555367232387901	-0.015866284785312098
0.47900320905944416	-0.029420276482790386	-0.01617218862399841
0.49028276043450447	-0.05047736845648155	-0.028441133902914195
0.4620524717327559	-0.02959043013943026	-0.04268934374481124
0.4704411722254351	-0.07720540787874709	-0.010840717540735893
0.4807603982858107	-0.06291841620582472	-0.030837555855918474
0.46669638667286045	0.010311098113356216	-0.017516262380736485
0.4672476639327789	-0.04727716186431175	0.03245261014725597
0.48689124252264504	-0.030401862291255917	0.1146555819524792
0.481475853391596	-0.05171992426007421	0.06059811242751637
0.48790468955625566	-0.05830611614108855	0.12652873231949477
0.48606648654818196	-0.06082223221728305	-0.01040370207247927
0.48406355250287236	-0.059147460833027285	0.0066325449084292986
0.49441610078875103	0.005537683454179597	0.040551720764253577
0.4852939753292508	0.00839323951265142	0.012052344371087594
0.47523445840002815	-0.029154682054170808	-0.002168614203722214
0.470912330199347	-0.06814458706929132	-0.03323477304924464
0.47220014930055115	-0.05555398865088128	-0.08320480942939336
0.47681108731450506	-0.09350376764177697	0.09616664107512707
0.4717610608306172	-0.037209691094916654	-0.011991565357678724
0.49600924199274815	-0.0760316780264561	-0.0577031185341341
0.502433323876738	-0.0037980659685198344	0.011159758478337363
0.4777857441353657	0.07575913697133912	0.0025346398066943845
0.4761877711305733	-0.09120167011820668	0.029433179650350215
0.48890874199076056	-0.006122818620342375	0.08595211455753828
0.4657598697419932	-0.015991529303089707	-0.024491541245093024
0.4851265285583488	0.01382954490581249	-0.014102272830844025
0.4630040443491638	-0.0553790145009036	0.016319934171025823
0.4694327443951502	0.024558572323753105	-0.027608516156602664
0.47457383268305375	0.03441032734376907	0.045861592856069805
0.46565539592687827	-0.00029496831775127554	0.027639197722261134
0.4767808694389926	-0.04965747204760494	-0.14112349598871596
0.4795984848561953	0.03346590567874897	0.021430045560012746
0.4724170606124078	-0.008269456374187493	-0.01398892357399993
0.47001484651771425	-0.04160392370497549	-0.044901651395648653
0.4686898100692358	-0.06403204404403032	-0.06167278925291189
0.47044226788752386	-0.03166238316058213	0.0034889451501406094
0.4773584512331937	0.008411371807199777	-0.0618861380065062
0.4921321633757883	-0.024435407440068953	-0.05838222323211292
0.4775518618222569	-0.042909157676211555	-0.008739981595295687
0.4787643232890432	-0.0702958552112556	-0.03036239156679661
0.4697789799396999	0.015577329621294518	-0.017617784398646145
0.4842384714029078	0.03261737214653517	0.0832877734207955
0.4711562881832923	-0.0061114850878981235	0.055233272341186704
0.4625805902090061	0.021336313688451448	-0.0035964255942848534
0.4847823836147833	-0.052660010010397655	-0.019884452574529168
0.4616957814312379	-0.024841798188749525	-0.017710899703804777
0.48242250069455345	4.5438403537776824e-05	0.02507665449507959
0.4825683208437494	-0.015537969846416429	0.0239226321122818
0.4729447171835037	-0.06191660482826833	-0.1586395838703749
0.4888978889215623	-0.08051315735966019	0.034276921661517634
0.5000699472646414	-0.1002163510543306	-0.002276957765420093
0.47373084727375336	0.046254777910254605	0.005314270110788969
0.45871262597019447	-0.02533442062951941	0.008763647389858034
0.488843300249861	-0.07192794869485868	-0.0019042033428671762
0.47979565781309214	-0.06191948412228686	-0.01822000077487436
0.4738783210634117	-0.02164431761760649	-0.0072486009630101525
0.4790820130650768	0.008962567076741998	-0.027006465240244415
0.4875257712039304	-0.0024040264460150162	-0.028766548060636297
0.4865224649226452	-0.04357550386885787	-0.0672626974996693
0.47287990428978055	0.011449545147179285	0.008155582190372369
0.4907973180812636	-0.01644743503313914	0.0479329640859103
0.4780003190297701	-0.09982625703810176	0.025396131192223156
0.44298732533203916	-0.021381897998655752	0.048460660873117165
0.46907830588611804	-0.013472075492865106	0.014304056789892229
0.4715278313581887	-0.045897426005676915	-0.004269321091545113
0.4628488348816352	-0.002087979156002874	0.04195215765548988
0.46870982298983693	0.012994485548902158	-0.05203983652515216
0.476067361227679	-0.06482011117394856	0.008376107614539496
0.470812758445779	-0.0418601099516856	-0.06106439173657342
0.4849621456095865	-0.009203445721717784	-0.028933487896803018
0.4900704298781591	-0.03790477588776074	-0.0027823820122488225
0.48125464057423906	0.040297138676271944	-0.004647143297938329
0.4605553477520476	-0.001579572802779317	-0.007531014132784146
0.47783626509164673	-0.08008658152133251	4.374813904697786e-05
0.49771928018019834	-0.07837862981360966	0.09631425856775105
0.5004111331887421	-0.08081273482538603	0.015405538002358405
0.48186848674819965	-0.054068953851079064	-0.033568630845817064
0.4915733422318336	-0.07395754740667322	0.03170652165267614
0.48596570572396725	-0.04247030207507626	0.07600907017754842
0.49429806242899027	-0.0917027969833248	-0.08008508214522846
0.48004956797899434	-0.08444112223773821	0.0409677046661895
0.4711252492648493	-0.03052220276830401	-0.03577443702619672
0.4965396559184025	-0.04480120681223305	-0.03807040709313583
0.4835305643438457	-0.047909570231314896	0.06021462433616377
0.478866286974954	-0.049862430353895475	0.08242831039806116
0.4796714806087114	-0.11769634564945068	-0.004400896637907201
0.4694270675441033	-0.05342480009255378	-0.0072277860219789394
0.48899784381407774	-0.03507760036703388	0.030212711942208013
0.466315791148378	0.006294194299845841	0.027848827044957183
0.45790272070374616	0.03372953665038928	0.07105597845047905
0.47929312819845543	-0.05923214156044736	0.07815129548489531
0.4476535268767614	0.026431318161510065	0.0006061107215945555
0.48981153864513777	-0.10189990851339585	0.03355822631973182
0.4671264152809334	0.053276670226513397	0.011495115721721023
0.4674944323859188	-0.0038501665129908025	0.013260880278892932
0.4813724806550826	0.04474044321422781	0.04116470245854201
0.47188546920919544	0.0030565037081533024	0.07206168831062507
0.4734315511774608	0.007880994468017133	0.027822487966369724
0.48852876003658596	0.04970348045566496	-0.016435676523124696
0.46973287359360116	0.03350378537427945	0.13155936450015532
0.4917728359349748	0.020231509664884215	0.05924477082313596
0.48131438058527043	-0.00983987957071342	0.001809018931944176
0.47799407948662576	-0.09248759285658534	-0.11804943822936799
0.4761329091665886	-0.04641742607229964	0.04216082291799665
0.45371154037690387	-0.02016217755282569	-0.031086214900468007
0.49689093367907994	-0.0014918103548846216	0.051335741314155636
0.4763806416052186	0.026411178018875728	-0.002382615188126262
0.472751848805467	-0.1376301987185621	-0.017913525958257057
0.4729767288298619	0.04476377554654664	-0.018080579183062655
0.46564065560058343	0.031668936984507234	-0.06686551511020385
0.4609255187210412	-0.08075429853495691	0.11489336922803906
0.46523950759896043	0.02976565065437256	0.014786034103842976
0.46665844953293834	0.05521058233017062	-0.042635305266020794
0.47932143740041827	-0.0658332915737705	0.012243180635222565
0.4673508520960441	-0.01606355171793432	-0.10760756736550288
0.47138334562867423	0.00851530335200626	-0.02677315001901292
0.4736330751156122	0.02046254469846261	0.05677239581294976
0.46659959285754393	0.03279455529402042	0.013702604059851247
0.47143117453749045	-0.1263752035572842	0.007958149741703658
0.4720034383373791	-0.03573562002555968	-0.030675009695010445
0.4870940219747937	-0.03757662426269544	-0.07010731677957903
0.46686529634987944	0.03442127920796286	0.05199500714619349
0.46847700102198647	0.00356232290298722	0.07922054382286946
0.47759959149870124	-0.07272184458532566	-0.09639604875798537
0.4721458535813701	-0.03443547681482299	0.03542934650885376
0.4806003409504165	-0.07373155478229318	-0.03514753106041394
0.45805346000050357	-0.06375012954582118	0.012452040708952372
0.4812827810547759	-0.01406376402471608	0.08068257545068856
0.4785838939504201	-0.06528389179217856	-0.11008750786930523
0.48685075415319146	-0.1114366297040596	-0.015163367118603019
0.4730493149756617	-0.00909612994147593	-0.00861695426525314
0.47069117789965276	-0.09710530970568652	-0.02357504669452626
0.47832272933313896	-0.009181470709673869	-0.001543744964409946
0.48768931334284776	-0.0745610456277674	-0.0467909562385854
0.46472232786402057	-0.007672891782571301	-0.0033712559860756856
0.5050905080665075	-0.11496447022580109	0.0498489845019339
0.4728182573952949	-0.0325439005830478	-0.01748550146901501
0.4812795440756208	0.05860694305274116	0.017619881579176787
0.48198113580259544	-0.13499249586362166	-0.08484173221097768
0.47502998901602983	0.0037156733060399426	0.036573353715533934
0.47741078696259487	-0.016789070817737242	0.047922511697593304
0.4780890630433732	0.07759736421450336	-0.003984592308755533
0.4765761241662934	-0.009965066108595788	0.09415465048711885
0.4664021694828035	0.06345016343252088	0.013569704403261593
0.4685076163491608	-0.02390165765306449	-0.08923767419547486
0.4805225128437202	-0.050801979350758114	-0.007192590577774054
0.4896686673585407	-0.06102222308098314	0.07955250448526269
0.4820287012885866	-0.0430905915555882	0.05000846293903862
0.4892012761721455	0.021310193825588703	0.12841050402419424
0.4609493456026627	-0.06257194619127267	0.007168397723083971
0.4791315839344709	-0.024209879094776388	0.02004678929756766
0.4840626736979341	-0.05952045029282387	0.03485675406660891
0.48238980384904356	0.09719170486426713	0.021110799865901135
0.47228742826470355	-0.0196279905359574	-0.0030581920515046048
0.4828643921666474	0.0008992228145675064	0.013738871069996331
0.47285133183590294	-0.007958646088255673	-0.03549847355562815
0.48966543219615244	0.0427788095597286	0.014008180765636594
0.47064652131032547	0.02939607173216871	0.0036260908987545064
0.4841863486788637	0.00845021119562339	-0.04110662313641015
0.48021655319501183	0.004554609712453074	0.08011928797753874
0.48461060495497826	-0.007715247415547313	-0.08740638975998981
0.48548180132412017	-0.061308656915636764	0.013118735546757089
0.47642602480484014	-0.0881800972116348	-0.0004821905350264094
0.47494981392143165	0.022618415346453417	-0.02425303708158592
0.48925771501443377	-0.051121993344455094	0.027677498586899673
0.45894053729581513	-0.011534362572383619	0.09934763228242612
0.49318906080415204	-0.06553815694334728	-0.10645324298065119
0.4718686108468468	0.028834047907892717	0.026189664671765728
0.4618065768745789	-0.0582522733774706	0.08369879581322871
0.47926726938761827	0.05999204910795857	0.0020748212980079765
0.46868483661491595	-0.022083348288937998	0.02009122743686507
0.4846459830622962	0.033185156520603366	-0.02353303560535943
0.4679507755464273	-0.04518041742114122	0.08193929299333115
0.48177820020480316	-0.013499051278554844	0.025659387459542934
0.493761038733955	-0.015924515662707823	0.03645397146502328
0.4716167545992782	0.024293645531628234	0.1047333990328933
0.4705536910306402	-0.020878755838013182	0.06673066710717974
0.4802747462219883	-0.057527491222044425	0.04745982306336167
0.48688579845845636	0.012722913643172426	-0.020604308832903637
0.47667123359451863	0.025355830708595855	-0.05543677825724476
0.4788727021543956	-0.007074802750593028	0.011317839050712139
0.49417304693429903	0.04844855421918161	-0.05246775363589855
0.46862270880232587	-0.056463277464558335	0.010137993452101922
0.46452080619410013	0.016260611238069596	-0.0419588276443532
0.48418069106487555	-0.08776755957037921	0.05751347617895055
0.4913372910584309	-0.05558994275757577	0.06290901997207335
0.48682598317436765	0.012968107542467147	-0.017601696260900378
0.48172785695811254	-0.08687832270254424	0.04249297577600689
0.4964869078537407	-0.08155004358250179	-0.035689260742111185
0.47256709313247347	0.026056292188791273	0.011715847958024656
0.47565491358905854	-0.011184206928609278	0.012603137436211852
0.4695271369369977	-0.017979653009718797	-0.032648387048557645
0.47846003302654827	-0.01859083858922032	-0.04850195966761339
0.47958937877734586	-0.011077690555857533	0.014449846051283445
0.47287813206367857	-0.05789355225868478	-0.05084815024963662
0.4763712780627759	-0.12228116690655826	0.04141554997104448
0.4764575180000315	-0.02399525133962406	-0.038933903419931776
0.48274138315319437	-0.030965316160033108	0.044474727145001704
0.47214907666923744	0.0015547158050105098	0.06566538893387339
0.4712230588979712	-0.018182941411568197	0.08488735257879532
0.46037546448869887	-0.03403920410329782	-0.007976311316193885
0.47642263316653877	0.01518697214499722	0.0470990289110162
0.4827431442819605	0.0805900918011117	0.03685852895321522
0.48326232053705054	0.015474142505275134	0.08169532489583599
0.47680193732847226	-0.11093190564062701	0.021650971370377026
0.47252852726103545	0.02221507742793541	0.02076773943184009
0.4661494069428388	-0.08287118004555045	-0.04780683792009088
0.4891970973519383	-0.00973780708506319	-0.07507422182953834
0.46084731276065766	-0.04293092804385339	-0.06047226427179253
0.4676191317695119	-0.10313464830213888	0.005957567165227254
0.49093987910476583	-0.19891202423804735	-0.04801679902082705
0.45614712125536216	0.009857245267498363	0.012048043030693357
0.46821985961032386	0.015665281640269486	-0.004818654987690048
0.47680741003163424	-0.05610369234196446	0.018720460267595662
0.47564503388948515	-0.0043708354974023155	-0.02083282169575475
0.4755930870274662	-0.017193147796631787	-0.010575112730940708
0.47423086391721897	-0.05105205149753255	0.0034308464441516967
0.4843140328057148	-0.051651060958382906	0.021849673725101337
0.47587574539591476	-0.0929365672800915	-0.00567761265914614
0.4828427969755131	0.005306052525009816	0.0967224195767834
0.46564593892614914	-0.06635387420466127	-0.019608568373400668
0.46894913364328217	0.02555229120084774	0.12841461098296394
0.4814568406286673	0.009734552986694544	0.0043465415982995225
0.4673109020334257	-0.004869233999608941	0.009978091125742916
0.48321334524793536	-0.10707201971586905	0.11352086721261062
0.4590822905318899	0.03319204011996202	-0.024045921472260735
0.46644750611545854	-0.0252321193443101	-0.03931188206836406
0.46024781788827457	-0.02049506632231729	-0.008995576732598248
0.47788090482320006	-0.027182492270338685	0.011538035657168657
0.48894266152061416	-0.06611573397845813	0.12164676514190371
0.4769735723545774	-0.08146807127400257	-0.09792304142235068
0.4732899347319487	0.025333434307496502	0.021162796994760983
0.4861086760563834	-0.03288451825788653	-0.055032918620155274
0.4778926056030549	-0.06509585617520738	0.025500054353737686
0.46172498514566435	0.017957510828573553	0.039001715589222004
0.47543905473027726	-0.09182201366593162	0.02676585689243745
0.46400121646344844	-0.0872938361618418	-0.07847563794946692
0.4672832500213665	-0.09999302681226495	-0.03738802969515687
0.4756698592527335	-0.08317394272331645	0.08940088335418629
0.47997770435910575	-0.04539333271092984	0.018807021083715653
0.4757155692291465	-0.06372531002425129	0.017502274489333818
0.4688457052240085	-0.008238238850996362	-0.05746571166282078
0.48187858801147476	0.015511931145733139	-0.007632130526465486
0.4681781994713513	0.0025922423497866534	-0.013360654278899714
0.45871723430112543	-0.008461153549376805	0.08806576326102238
0.4704210078543955	-0.0565980443063193	-0.036329854508042256
0.46890808578649146	0.016494435486944035	0.07005691799171385
0.4829246876144096	-0.05660146173768002	-0.014747299795085201
0.4789043098424826	-0.011266798076740586	0.055112226526187406
0.486318384010307	0.003977233483530794	-0.07688529445814106
0.4748481094944481	-0.03595375215252295	-0.021990201675952413
0.47659021284196856	-0.003797137474704495	-0.08213024782413138
0.46627401630546117	-0.042701218670298906	-0.02836607664052723
0.47868905519678073	0.047467972976788765	-0.024145659301222554
0.4673018782823517	-0.09536279791813282	-0.018927058899017024
0.49207764339674415	0.034350150889536545	-0.043385258614798396
0.4719895378362824	-0.03400722539736621	-0.06312171460124144
0.49866089306303724	-0.01621898531806595	-0.012990317771670453
0.48531225195941224	-0.009993068571825529	-0.01831379410561176
0.4716640489607762	0.004562962986531703	0.06959229598178863
0.47983625338876285	0.008181990824164896	0.03605103974378305
0.4715470171006477	0.0075409493991365735	0.016434066700734214
0.4714030966709485	0.005085090782017559	-0.027995585814090295
0.4811996902765844	-0.05133999287767585	-0.06769633211307825
0.4796235341687223	-0.008986265470604226	0.04698856957581569
0.4736957319104977	-0.035360386314543586	-0.15525764716862267
0.4836247156704065	-0.04948085391437465	-0.028303728704733907
0.4656484977311008	-0.04778785517032878	-0.1011536047488771
0.47775702097990264	0.06334192575366608	0.05028088952947865
0.48043897946208286	-0.006976002795638284	-0.05380945335801446
0.4903241235900002	0.027164509392018532	-0.017342849124263402
0.4613635761045725	0.001795495409414572	-0.11854262417465566
0.4772306196918126	0.07815179209333198	-0.06441859379121824
0.4763428702256809	0.018702650950222985	0.0371568079657164
0.47968403893544304	-0.03589154961753804	0.07378781339668708
0.47819541879892596	-0.019755761471534638	-0.03702297479008154
0.49011842354540597	-0.045347452930998344	0.022115275723083024
0.45721132389565183	-0.08644395694019087	0.037346012421948946
0.49648712502642656	-0.03851181950473058	-0.10188389792143676
0.4643395886423744	-0.06480053682943819	0.070259964204103
0.48783586549950914	0.013751154643269278	-0.05492262911151374
0.4725115113085678	-0.002290811189101767	-0.0354044623484787
0.4990585695954719	-0.06340943497368517	-0.002412842358591392
0.4821232557091984	0.019565654007994072	-0.06963322468443417
0.46987316189489187	-0.03214237255195481	0.06171123459359678
0.4885412416139673	-0.03816734767900471	0.031863778689656126
0.4760624371846081	-0.07918527329275095	-0.025600142221173464
0.46842238513546763	-0.05030492932873393	-0.029265148023140973
0.4813359060325317	0.014366818292591297	-0.14224343314730564
0.4813198785287738	0.02240914600852409	-0.04276274165108923
0.48466731179677974	-0.038842896979280055	0.014088555098021848
0.4936731754271918	0.001466490211472988	0.061125797479295856
0.4764371023871516	0.034926547230313305	-0.03256032848204386
0.4750720095620249	0.012393583473282274	-0.027716228434165612
0.4867703835376034	-0.012896848116550312	0.012121937239033855
0.4923121293258498	-0.09470184918058512	-0.06400008537507502
0.46926575548622906	0.0197454039892898	0.02475945568703979
0.47562074041932795	-0.06654515952876307	-0.027648507268085876
0.4745188717147078	-0.01759433337246456	-0.003442081755349434
0.47617359401081866	-0.10146741152489755	0.04664652881981138
0.47200279113039695	-0.007706893456899493	-0.019217955822348184
0.47042254996212857	-0.0367255991622197	-0.09922974150696964
0.4930255387937612	0.03597235225134559	-0.07907413069254296
0.4497332391821149	-0.03605631179423509	-0.04472283066388471
0.49122720788851926	0.011199623394799227	0.04370046398826518
0.4814987892377683	0.034681620569573	0.004262194741621318
0.489872673063684	-0.002687295013509269	-0.06464733177573033
0.46030567736535083	0.058042389543620204	-0.07165186211967568
0.47790170835469864	-0.11692450327491767	-0.038439155789820746
0.47414687293988483	-0.07276085574119323	0.01860711342184605
0.46589259873779026	-0.08751425542203346	0.023396661169871692
0.47145469956727293	-0.04485023650184603	-0.058849127138584076
0.4694879808572015	0.0006223171748173596	0.010317332324211037
0.4888395566247746	-0.07514223773763944	-0.020019273699627842
0.4620888572152754	-0.031123315808787987	-0.004772721849406359
0.477887174625021	-0.06237637012820416	-0.038656088773119934
0.48455387386320764	-0.1065850578464775	0.009881107547076337
0.4662518659239862	-0.002566258102309458	0.05138827220787252
0.47250028510843767	0.018528721503568726	0.0043456180726106595
0.4792528392607284	0.03975581912334672	-0.0060617393349737024
0.45654268953080135	0.04297815185807445	-0.001846402363988976
0.4661272323519213	-0.01124933868214598	0.001150244364785471
0.48196174221021626	-0.07471894457167437	0.016848735723404996
0.47864803182164184	0.050001266044473136	-0.023693150195330994
0.4821279128256877	-0.02918592359134145	-9.840013445257411e-05
0.4833365255095219	-0.07235547279649611	-0.03362189310006629
0.46620922919088864	-0.08790259858394477	0.03788679003655405
0.47477750019450776	-0.013344320754226284	0.02265138390213856
0.47763919235007635	0.025591751227019073	0.05699544681511688
0.4758760073379452	-0.02831643197791164	0.09512323585632303
0.48684184317568335	-0.011877615814709676	-0.036719451973964735
0.44951899924966693	-0.05108164100160295	0.020886119013672582
0.47067294757170164	-0.013385427600239688	0.050764396910443786
0.4783233936679131	0.02485596507600388	-0.014778845117825175
0.475060898555489	-0.06272150382149833	0.05818385144541593
0.4716646911508946	0.0145387904906188	-0.080539712515243
0.4862239001466673	-0.06185207841160308	-0.04497157764078932
0.4868148311553229	-0.06137010171234722	-0.044957359138762615
0.4849013481612268	0.009803324678386748	0.02375464136239751
0.4599050533379072	-0.04217026573897357	0.02760831455644239
0.49263992416468533	-0.061429761718541136	-0.004452597945919975
0.4713982483844574	-0.014869055600869022	-0.02733884451675619
0.47831691497913875	-0.033104115194949504	0.03682614504671744
0.48057188359004943	-0.012406102304557748	-0.0412597982496516
0.48354520460271183	0.018611981056399333	0.011010838431067201
0.47091066517859903	0.030755935006582594	-0.005893700548880308
0.4934601344295203	-0.013971301945171665	-0.04741988475551374
0.4790170723753785	-0.0727280518778716	-0.04661409463618782
0.4765855286076505	-0.12447611218727017	0.0625450924604887
0.47169373714448204	-0.03608340119268054	-0.08640694859403593
0.4853885202373208	-0.013133623500632928	0.007600209977762905
0.4766421202191609	0.028071678248210764	0.02895194924103806
0.4703465872943992	-0.04656697666177692	0.060959589796430756
0.4608152815131512	0.026698685875897618	-0.00247246519372501
0.4717916676776173	-0.005084889904552395	0.03819983240492609
0.4655386525820772	-0.04212693348521489	0.014968322378627563
0.47563082827968994	-0.05333325821031215	-0.026912379031504577
0.5050215381593012	-0.017139093477700634	0.019081207251955293
0.46744575895053486	-0.048922241609133874	-0.024125145673870096
0.46858544937954816	0.05695285302168213	-0.00027170244850048395
0.48427662679714145	-0.03501357948414842	-0.0040723229819820544
0.47885852836537884	-0.04979554543958197	-0.01832702283020293
0.47394242907040096	-0.06286294582865735	0.005028250684725187
0.4737297186870283	0.027880190952674508	-0.07789013973148474
0.48754810595632214	-0.03973137705734014	-0.018960281520665822
0.491081833836831	-0.04292222720981825	-0.008144440630478157
0.47801934719947264	-0.016029873600752812	0.0026823559778103656
0.4907128359658023	-0.08454437801579463	0.009680861792837385
0.4767060066258482	-0.05922432974053971	-0.0456175373804699
0.48273422551434103	0.015806625108608564	-0.091166114324191
0.4766634404633833	-0.06292524959880928	0.038817029069757834
0.46853066685317357	0.042912682592413334	-0.08641791674486672
0.482914927706002	-0.02020013308709985	-0.037338926111441496
0.4834295295319981	-0.021555729097156348	0.022771899140401577
0.4762993619537046	0.03760278991201215	-0.03529836027780465
0.47001073088327444	-0.03165002309538337	0.025831154985347243
0.4803684001833221	-0.038502683650961635	0.08418343039614264
0.4737279621615191	0.06540185319038601	-0.02398374770537977
0.46668413277226156	-0.07186492591520353	0.031247828129260084
0.48813170869098615	-0.06535187860585207	-0.059956892836067026
0.4781032409066161	-0.059959298330376526	-0.020975572070626766
0.46421964706411484	-0.09433945943023735	0.0302663174239999
0.48258672170942063	-0.011039608329632238	-0.018142080305972908
0.4753077804744812	0.016766795712552688	-0.046647278730059694
0.4753616386985581	-0.0459528254411928	0.05420074642920677
0.4869451558675583	-0.08855126315070593	-0.0037026484215366066
0.45797084810775096	0.038051569181184755	-0.0438560985128154
0.49571856616575966	-0.08331920357198003	-0.05061257194047782
0.4770933831879911	-0.04528643004568168	0.0385074510718586
0.45617545230367584	-0.03765130059886719	0.008008361196533307
0.4912001630082725	-0.06571500547533052	0.07907421362874047
0.48405251075888106	-0.0026101716755608825	-0.032090634960154546
0.49005126186669834	-0.023389053119379662	0.026824464405233363
0.4806208083831326	-0.03146055432294904	-0.02734758326900984
0.4786367132303333	0.0264389898541193	-0.05118106517473816
0.4836747372585971	-0.019002664526459136	0.036104403985089906
0.46138095046502475	0.019022980263928957	0.010744336616772555
0.4672543035823161	0.03825231095395152	-0.006664795439881699
0.468244720704937	0.03406472159562834	-0.03725283172250127
0.485239748323723	-0.02488272346309842	0.05846852613051681
0.4840668357244487	-0.0825788327999713	-0.06805150480302367
0.4751511961799273	-0.055192604445347786	-0.008406770569854883
0.4594526544927547	0.05809870404724038	0.01483040848532927
0.4877222893284753	-0.06235403620529174	0.07301001805073294
0.4856196022202097	-0.020824967609820368	0.07643869635200407
0.4864814013502695	0.006377647150609148	0.08736072964510008
0.48509474882649223	0.032919910118798024	0.06599246816231051
0.47437557578930784	-0.004182684581344126	0.05361929050951584
0.4800398346573314	-0.0003043810824640236	0.0875391500208789
0.4820024412109133	-0.01364344920554547	0.024441820145309885
0.4723708737733168	-0.06939855956024002	-0.02937333982796556
0.47386878640872315	0.04401456600725939	-0.0005890421391991695
0.4805226815716021	0.04322034283096714	-0.07322454871390183
0.47836507541803874	-0.06781230624056886	-0.075179181676913
0.4704048674440943	-0.07761782828993638	0.0067532503687934104
0.47386315911158994	-0.04313472710232732	-0.053791068177709726
0.4635258378307483	0.0952091271034311	0.029906284225867892
0.4654817263042275	-0.021919992719253788	0.1161666295525809
0.48632575958197105	0.041349543784850055	-0.17283687113762522
0.4710991195556283	0.05063854184353165	0.04980977361248672
0.47380525749848695	0.014579201840291874	-0.11394503571985594
0.4824088916096388	0.0005228231962086436	0.04936608258462319
0.476493419337347	-0.011402651514437746	-0.08131441598707236
0.47987167618337895	-0.03528556493138592	-0.014569710037886862
0.4805496793859454	-0.015578406803549199	-0.014095578977079378
0.4946136621990005	0.01121178001499331	0.09995007739286081
0.4854123400454129	-0.0568688545030236	0.053824779469674205
0.484947959613918	-0.07602512879101235	0.05345530487622244
0.47560082337963233	-0.019616187900512786	-0.06391499737429883
0.46118961873053044	0.01274738422482157	-0.006393621206752799
0.4798357827106112	-0.07417672994987715	-0.04206826006164045
0.4888012902518166	0.052327144103017094	0.04195475528589188
0.4737871320116119	0.027892380007759458	0.08118052477675396
0.46549334448690177	0.00378437810970032	0.030263134738584562
0.47849266112006134	-0.03861478054962773	-0.014470154750690533
0.4813916861266167	-0.07291817844879973	0.03456974060374499
0.47474217864189067	-0.04244298561456276	0.00014774940666587968
0.47139721482244534	0.003036616276903639	0.05153138673155917
0.4855609694210034	-0.0037472587409499132	-0.0483293534135996
0.4872503449968655	0.03743547771555438	0.03264916988570042
0.48343250402477633	0.010574784460096244	-0.03722606613092567
0.4773431935423318	0.025837902360039414	-0.02553084460171197
0.49496536954694426	-0.02405437679949679	-0.04930055533934203
0.4595459731208872	-0.005876000302922492	-0.06843200362184129
0.4764902013962763	-0.01397789267701956	-0.06054292010132466
0.4703643867948033	0.04773167066549231	-0.07739078683447122
0.4716451696027106	-0.004313034943053895	-0.05073131109428948
0.45759993223022266	-0.08996561960037924	-0.045999596788111066
0.4658921765433946	-0.02411120583239164	-0.07454495071890527
0.4689667666002949	0.019093636961228157	0.04289271898589792
0.47673090783689526	-0.0814319690104288	-0.02296238868923126
0.4800202129613277	-0.08291585084979676	0.02615521310423568
0.4814334334347699	-0.02131027206491171	-0.08442849108170057
0.476227837270813	-0.007900846055699802	0.0018264514205486872
0.4762968984100987	0.016596574682067385	0.11044063802656941
0.47010470152830275	-0.06004052667443488	0.029191245996807277
0.4876711066629925	-0.06350854164160037	0.046136943443126764
0.46765876807539997	0.08392806482147967	0.003038837832282021
0.47823668994365137	-0.051321725430188966	-0.03792801256978034
0.4736278717055981	-0.10616225665235936	0.007469858211031098
0.48490444748650213	-0.09916852372504031	-0.0004195514488265555
0.47334609231838426	-0.033334114391998806	0.009799780052962169
0.4872147559287848	0.0010959896568855602	0.09153372205540283
0.4736180458597804	-0.08680601863037134	0.04984685997578133
0.4882817642270995	-0.015205723262984847	0.016339374633974942
0.47671933109681114	0.0077457061622937815	-0.04459670263778989
0.4927695258399236	0.01072356692737119	0.021876848420591618
0.48770048155412965	-0.08926924127031993	-0.05085151056258391
0.46288920854519655	-0.04024047295459969	0.05489137025461524
0.49650483958678604	-0.0076264247015432225	0.07864119709399897
0.47394277447598615	-0.11087767353756009	-0.008299979809579664
0.4638810737922569	-0.08969974430875868	0.01869864566403292
0.48268242261847305	0.008846431860822844	0.0727229828814644
0.47257868574317724	-0.06615808574596674	-0.053581351206089145
0.4749587425412204	-0.027785035990799904	-0.05781572404164263
0.48890946524510387	-0.016170983788837388	0.0810943685429328
0.49179402757843443	-0.013150364402267032	-0.08586352359022574
0.46929931736710995	-0.054933978419592244	0.04041360152135986
0.47159660207060156	-0.027360994200923316	-0.07614039056685322
0.4637477827654241	-0.01242635896616275	-0.0781172881527606
0.47327106094470056	-0.13116534883741068	0.03715998595287879
0.4760338857019677	0.04329378824955711	-0.008496316358322178
0.4818409561427225	0.04015694578079048	0.012870363830862312
0.4935914627518531	-0.021373940251468545	0.04084253077135612
0.46908491764556787	-0.10943400040931733	-0.0021436909611681604
0.47134733196799905	0.009786221841997018	0.03919982726126752
0.4695047055227375	0.011730331628384442	0.0021852855407519323
0.4645671167675508	-0.07717847824484379	-0.012055093602259027
0.4706352216534096	0.046407350745978376	-0.004991625717721647
0.48925100258613813	-0.04306909491704765	0.05557222256212709
0.48762195241790346	-0.017466637580794225	0.0003213829921814116
0.4827396597423987	-0.10004911723213196	0.03562803225248712
0.46806037783726434	0.02778377381236782	0.00036188322052674814
0.48791340523605264	-0.016913819249466517	-0.0777892999581184
0.46928175924723003	-0.13445717876095198	0.0029093823703771914
0.47093685566798565	0.052100110699345635	-0.04473827264045754
0.4704609036241447	-0.01515107475758996	-0.033867901575552396
0.4727995125928565	0.01517486908288203	0.04566786271364155
0.4817643628573465	-0.054123046952050585	0.038733323640254724
0.46859834502852954	-0.04178738000503023	-0.02055309818542859
0.48572969414366296	-0.07903783177974771	-0.09072793091350613
0.4924310135389838	-0.02743508497661547	0.0717047883629367
0.48186437587297803	-0.08806386641817686	-0.01471281985914836
0.47077549052424	-0.08275832149263845	0.013991179119553438
0.47602692895207965	-0.029024180265729334	-0.0278945885381153
0.48556489902724986	-0.0952600876599483	-0.07985111588186804
0.4824949743535018	0.03470525693408307	0.009131294456341345
0.46651624381235696	-0.11767252592051615	0.007153351014654177
0.458686150575671	-0.0518501097829369	0.02588868097851402
0.480587155374656	0.04119333759745673	0.046558388123689294
0.48796504526354695	0.024787372373891964	-0.013360975962361825
0.4698471881476049	-0.05909512451742338	0.019622299128360516
0.47073127064419124	-0.06516633017045938	0.0360987330244473
0.4692026791617118	0.0016811211133024543	0.02351329669869522
0.47713859653146845	-0.05694924131943563	0.012305715688211294
0.45659809733440027	-0.031101591993724937	0.014414643426249311
0.4773471390037067	-0.03772493328743172	0.014393829923190918
0.49825357219049654	0.02094013785431007	0.07936696585860911
0.463952418716197	-0.004176391656341005	0.039246677130870745
0.4741185869419926	-0.0719914945717055	-0.02815351458583266
0.4907524599947713	-0.08564398385510083	0.0815124748949669
0.4547569791520926	0.008538278464218018	0.032217613533608094
0.4860033785498698	-0.04716679754091975	0.07853743641732705
0.47573632738453864	-0.08145638424956905	0.035621361157164834
0.4673001945166873	-0.016249611155402313	0.04304585630799817
0.49377155879701157	0.036811551357799635	-0.06647998148792196
0.46500535649208447	0.015125351140855224	-0.02645704727221477
0.4683897666081306	-0.10472343388472338	0.03954782617802656
0.4674836412581319	-0.08645537515641713	0.05770420076317808
0.4790659375532994	-0.032109264244448064	-0.04956639804322034
0.4823800143215697	0.009175506577614734	-0.04750137276284896
0.46908550891010375	-0.02653869929805572	0.013127387048475197
0.46441957806206513	-0.06574297731020184	-0.01853601162851612
0.47180050551677455	-0.011441228651537348	-0.06428571688977734
0.4765548798090566	-0.0356490647692275	0.0340773684894166
0.4878617789296982	0.005114191783603141	0.02904938825863006
0.4774950495841278	-0.007414812922010752	-0.03333265943541522
0.46880688393769177	-0.022140088465301203	0.056495127981244966
0.47924404961693	-0.06078023459602772	-0.035915173272338494
0.46615132049049374	-0.014823758142004996	-0.0020807540852725783
0.4916151747927017	-0.048216294683363754	0.014689832105558335
0.48268559518861137	-0.06137268622964144	-0.06769318357287239
0.4800377970539602	0.029975717802328123	-0.046605919945162534
0.4838239374545245	0.016872564086143096	0.011729541261568482
0.471667355699679	-0.024237680846248066	-0.059235407196067125
0.4760388255248416	0.024248123147769588	-0.008044256685358462
0.4698339135704526	0.04309096754827821	0.08282463674702775
0.47547710234540935	-0.08920317873959617	0.08857251716069235
0.4803696638086277	0.030653933479361153	-0.04016630514814711
0.47826228892943884	-0.009669528976191312	-0.07981285479689743
0.48286017397858555	-0.010774601438778762	0.06239263063973962
0.4927834317628111	0.013947299816040638	-0.050632899645699954
0.47751518888387867	0.003920363019359144	-0.05602541342149888
0.4796500441343154	-0.04650192331091523	0.16869709315285042
0.4832559389393134	0.00418507375507064	0.08826850877217482
0.472266258501141	-0.11449428869836185	-0.030726984730624986
0.46914735202788393	0.0014565472141961058	0.008903738506299105
0.4593638388462842	-0.028238783751803876	0.024856573174781474
0.4800680667994359	0.007783021549028802	-0.00940541592502097
0.48703582285475067	-0.05290083928806245	-0.008552621527175347
0.4794654484541091	-0.03486064178063763	0.02857582137714758
0.46719295241291203	0.03752766778605761	-0.015334052128422962
0.49043748917072155	0.008117863027194827	-0.035860071363134856
0.4719389199170246	-0.09563461240945739	-0.07114588717264116
0.45478501472762384	-0.06305112906796043	-0.04395370066934491
0.48293009210946725	-0.02614371611653975	0.06802131129312611
0.4759072134157041	0.0517990194717126	0.059482276025580746
0.48700429484319735	-0.004828931564672343	-0.06838144398270297
0.4861623867251292	-0.011305018141068933	0.07273309857829484
0.47214255682435796	0.0333745780875104	0.02035864700617781
0.4923857883162013	-0.06100425016644145	-0.018270878781409806
0.4679803034031874	-0.026115158514466334	0.036766990523267096
0.47911170599754155	0.0071286917913306455	0.09175218237693386
0.4767075516131735	-0.11786372117231576	-0.02906057944114072
0.45847519847976004	-0.036372190748985726	-0.06925005256402646
0.4696726807431641	-0.03854399323734188	-0.09622027203574038
0.47536635742491945	0.04025144826149106	-0.0178293528497772
0.47969538579601656	-0.05311136734689419	-0.05286568543402364
0.4617647587155635	-0.018576914416530182	-0.005507192705146812
0.4594943200180998	-0.1201676388250622	0.030173223070801242
0.46256245832126724	-0.09680319218113123	-0.04198516620704778
0.48389006852319405	-0.01906006295819086	-0.02483345307171053
0.4899291310140907	0.0208532623341396	-0.013907795316692095
0.48355123948344725	0.034060505721118975	0.05530325250866162
0.45577771761312535	-0.028868867633415476	0.040442470004034975
0.4900256264582821	-0.02136654805402851	-0.053670155380052376
0.46740830105226405	-0.06928526828208706	-0.049464239675786226
0.4780800684804491	0.029806031070655006	0.018739307810637693
0.46300008749632	-0.03800048016878061	-0.005441571061542449
0.46839713767855945	-0.025730994849789805	0.08802702653079447
0.46047812309472413	-0.027107538287746254	0.05137099224337531
0.4787843656812887	-0.057624616665447055	0.07383910224088212
0.4715130578719888	-0.052960870725350793	0.013043234303186059
0.4746553385549681	-0.04653952157646549	0.06693815919450699
0.49320824762846666	-0.06338996560635897	-0.007803538056425353
0.4721103671907769	-0.04499785369092406	-0.0399124454113728
0.4556930141377987	-0.03501376325348035	0.03381389107869505
0.5016659917192878	-0.04742983537081807	0.037505372817443795
0.48914932349338713	0.07401952397962519	-0.004965547010234032
0.471911247024839	-0.06469985099448122	-0.026698065016440734
0.5047367798846734	-0.1105325713555918	0.11270223613652638
0.4671289009699106	-0.0979407701045076	0.0874636471961637
0.4785401990812714	-0.006612732921246123	0.05335507305505271
0.46963817937101376	-0.0349175220499601	-0.002634764118051378
0.4604308025080541	-0.062283417755083725	0.06770934815052966
0.46809186675711767	-0.03858450618966796	-0.015048390718930549
0.47313247133847763	-0.07577243564886782	-0.029359200671391045
0.46695032907379286	0.0014101147387366834	0.08473516272120023
0.49586591973620925	0.00660699794732044	-0.003490177322344758
0.4702474211066682	-0.012021850860339066	-0.016384048614021415
0.4647975520402349	0.009888371000093038	0.02464915572568912
0.4807835209305222	0.0005824468534648204	-0.030412491967499417
0.4946893746861868	0.0071116255127014905	0.049603698176284315
0.47940717573389047	-0.07756240371271036	-0.04652777448655876
0.4813917830873083	-0.06009869904724935	-0.03712687534851673
0.49151369071326745	-0.06520879009292802	0.04927578106749737
0.4629294939270296	-0.08529250721242929	-0.0816854044524145
0.4754755821688394	-0.09554336639405048	-0.04202521350412486
0.48969883712816925	0.048961049880862056	-0.06603628039199769
0.47092736129804996	-0.07112070344075852	0.0070005280265718365
0.47869191251626403	0.014456074451907639	-0.013132424211960049
0.4762679129141504	-0.0216013677786249	0.04206878615910509
0.47239020053600395	-0.0039380620414311346	-0.013083739652368176
0.4864635276666022	-0.057478908099775024	-0.015115835229886306
0.4756603865761027	0.00413628478882382	-0.023359305682956914
0.4844281414234662	-0.004786542121939147	-0.035657944603270215
0.47153189656519895	-0.017773980526316176	-0.011063437436202203
0.4765455856633472	-0.01667834498702071	0.0939493512599276
0.470908723448999	-0.031500241559258686	-0.04727409708334045
0.4804698708907609	-0.06293216804249951	-0.0818340106777191
0.4624677088330911	0.004403744268044948	0.0017020343245856902
0.4823550899813073	0.05884634510391752	0.031141666445994153
0.4883627553153536	-0.03516686130162076	-0.0578385548451579
0.4776272120722798	-0.07935700995091718	-0.08460612204627328
0.48836293412802045	-0.11137880689858383	0.09783580960482723
0.4717025824455898	0.04714696392771926	0.028690514363553757
0.4870656681224048	-0.11364475396765494	0.0035512547163478268
0.4873729894908466	0.07345843219194181	0.03618791114943396
0.46883075795010287	-0.02643706583495597	0.01876437474555627
0.4736209135614287	-0.029210912330077516	-0.04358414547714114
0.4714846585109776	-0.06940387292347443	-0.02538467682573022
0.47396968964923203	-0.027624530403507104	-0.048082853355237216
0.47320066295642144	-0.006910050559916143	0.049450577676404775
0.46910955073201605	-0.02123670131408493	-0.055523352081391475
0.48059293730480923	0.04612363902663181	-0.00836914629968376
0.4827043926668429	-0.03621114044996507	-0.002954820364122864
0.4802951951593511	-0.0019553088456340925	0.0376735048421468
0.4856020414471666	-0.013338171698507522	0.00014450140502762359
0.4662331292086532	-0.10363902956352954	-0.023608346334319855
0.46477525085111465	-0.01692999504188127	-0.013146314476509524
0.48485471764918553	-0.08031606419717305	-0.005497646020254363
0.49260744008333884	-0.008277540405606753	-0.016479057903963243
0.4820547696636934	-0.04477230504448562	0.0391114095410002
0.4755675401902343	0.015901619453316626	-0.055436590496884555
0.4832489298531926	0.01090849325921115	-0.04440519116762361
0.4864149506136971	-0.04053346729982195	0.014018850332109672
0.4819996891895456	0.011721617087547844	0.00428466423617167
0.4852460444238864	-0.044450510997949874	0.0032098519686534614
0.46795389242690333	-0.08586385418243253	0.08579476239396441
0.4686272918963533	-0.0030148426464321775	0.019083237799992568
0.46057707094361905	0.025420345748734256	-0.026394878020578716
0.4594145746450399	-0.05464659101315112	0.016436670798880317
0.49042107181585576	-0.023513449942599157	-0.015001009853220549
0.46785045587890284	-0.044986356221180496	-0.04263938038330616
0.478337281823698	-0.012019795626023977	0.010434424496590156
0.47121099657651194	0.016507332303864912	0.019542178092759706
0.481043477407827	0.0010070348935519232	-0.028310552314725842
0.4878544899873413	-0.019675511030885627	0.018942671533403652
0.4815165757403095	-0.024702601517734693	-0.039213078412512536
0.4813926043294596	-0.02926710731207322	0.018308062270031435
0.47802495392862576	0.01072209906097348	-0.07795391367535269
0.4693191947363369	-0.10325779883704664	0.024816389612328717
0.45966893273135295	-0.005390135298413065	0.06546022367225354
0.4585378171358043	-0.10953702455955379	0.0906407870318162
0.47927472585267483	-0.02654205256847631	0.023778391157234322
0.4711070348742353	-0.07804010490670982	0.06450459436553625
0.4739387084717573	-0.11343836182002147	0.015644458278865417
0.48914065924553046	-0.0171636778363672	0.0343711551559948
0.46520209272384894	-0.02255246246659087	0.05352466507417236
0.4765457071034645	-0.02447569667766507	-0.005168043953329984
0.4822490303990044	-3.2380262132328097e-05	0.07575694906234741
0.474622302786677	-0.0201636729752676	0.016476075623150798
0.4582899041841485	0.07577573935882806	0.06536047984815198
0.48182254156937726	-0.04388769205719279	-0.009345696203910648
0.4682798857087676	-0.00019905390731783884	-0.08812716569745012
0.4690668353225019	-0.10757544156688481	-0.01947491559509524
0.47865379579004347	-0.09314343289467976	-0.05313067389580801
0.4692607522566537	-0.0492953666680563	0.05726236144195629
0.48230547328852175	-0.03957944771609407	-0.036972347729310934
0.4921542536488792	-0.017670167544399446	0.012026234441117755
0.47348254696235476	-0.020805517089978822	-0.07085152953848017
0.4740487642399203	-0.06592003863622958	-0.02385542146313738
0.48033083380282693	-0.0033529952416629003	0.014298644129578281
0.48257623053468635	0.00018934313971492167	-0.0001480808859692452
0.47015398049843543	0.04293729140721307	-0.02710613102937256
0.4624808030196989	-0.048049892484014915	0.057953376427456516
0.44598123331711437	0.04625505779691173	-0.09149553255539203
0.4519804354481268	-0.037043958913885025	-0.00799961130446636
0.48854790477707255	0.02450912449994003	0.056285581668198754
0.47672200983770474	0.05812869265632559	0.04169484332936262
0.47831498121488647	-0.06234859248641234	0.025929836250824314
0.4802840699617097	-0.022715688661102122	0.03789949569310808
0.47070346982443145	-0.00827972836000372	-0.11475198593273427
0.47484777713502135	-0.03248381857583042	0.006538121037482314
0.475052630323087	-0.034104146513257515	0.014947241753844818
0.4753584439503175	-0.011473148320247432	0.03566604083619335
0.47305161074084406	-0.08387931773333944	0.0026037743077873864
0.48509968903707285	-0.07158510824742383	-0.03489552120680305
0.48350079472437457	0.00015692977354520108	-0.028997847791130484
0.4609868704553292	0.03156371053057642	-0.03243671444569622
0.4830797887311009	0.005978282430222712	0.011748096020118578
0.48341866427693797	-0.09643472090887578	-0.006039957272676472
0.4934645944818117	0.0723335780025875	-0.0432363189626578
0.4799489260548789	-0.10460801045502634	0.038007697679329065
0.47619711732250153	-0.01443761502115348	-0.08297881324168138
0.4812752073694489	-0.03216690867339265	0.0745365928350763
0.48427884734574034	-0.02864637707789348	-0.03550640873568235
0.48354730751667385	-0.011610784627865476	0.03139911852843697
0.46305994288887325	0.023177622278984664	0.03926066717824035
0.4803101808007385	-0.016526854348625525	-0.04523017654034081
0.4707206982528564	0.0010446523246598336	-0.03982355716765833
0.47412710800118046	-0.041611545152756176	0.04019593588607532
0.47726938967103105	-0.07624654356561411	-0.016681927696793022
0.46782089003757027	-0.06910548263632554	-0.04197371976462203
0.4782961447270126	-0.02052453614053624	0.05786472401990138
0.47859397495492717	0.00886118497660075	-0.0024532424503580282
0.47999477806482155	-0.04552712758952891	0.05122185512837272
0.4781539114599378	-0.02527477207485501	-0.05166275684375336
0.4842095271560484	-0.02400660728966069	-0.0465219622084507
0.47678130183098555	0.0708011315120295	0.026091650944134598
0.48468925112632044	0.005055095288874641	0.01936275870435065
0.47103348942027273	-0.04403793835851941	0.053709940635124305
0.49557477601466854	0.0058375274660511746	-0.02070141711136335
0.4778189109782778	-0.01034517478275514	0.04277986870259564
0.47856549535179227	0.04820076641375843	0.0007322508301456381
0.4926650966393287	-0.08238399921943045	-0.025809408353604023
0.4589243485400466	0.0441083203635664	-0.013253535820116586
0.47936559775630994	-0.041041024088268624	-0.09153421615960364
0.47782140548892155	-0.059069104005155346	-0.058712794419467175
0.4811050830754651	-0.02727967786262547	0.05843519464799199
0.4821634682275116	0.069976483383623	-0.07325087760576675
0.47361369019856736	0.07949166426273042	0.08671854821895025
0.4868344890289537	-0.05897815685319769	0.03206317044424609
0.4573058786716801	-0.043586642640557414	-0.0008914012688085641
0.4812744365882355	-0.034092751137216486	0.03338839519620605
0.4698492014307666	-0.05817480124339705	-0.015044714891816816
0.47430312452835166	-0.07788433246220701	0.037109652309730616
0.45373478832575814	-0.07508703553924186	-0.03359808897624489
0.47093174189155285	0.006012382704515089	0.016868349394145225
0.4696605646549823	0.058172528270842266	0.0010144591836197423
0.47799465583420353	-0.08535159874314378	-0.10980431628955205
0.4826872008785417	-0.008536855881751296	-0.054488174612892605
0.47080016609708436	-0.023993618608803093	-0.0014091866548079438
0.4728868400630033	-0.07684384332732659	-0.029257001749506593
0.4794352383758541	-0.0313530162520624	0.014105131034316947
0.4744351571018405	0.01695004177282273	0.025272057739818464
0.4922510634689472	-0.1147742104382621	-0.022562459545424407
0.49030831524945423	-0.09509235027176277	0.0036305318772460815
0.4899681201988647	-0.034876090824490384	0.04871272027544075
0.4927778815875243	0.0002215246089845708	-0.023730437879561802
0.4762274411364263	-0.0926283926596972	-0.03181917624455863
0.49541799784953694	-0.04917603128955523	-0.01991517635236265
0.4888164710104144	0.05729187346214906	0.09124096203459241
0.489886663229572	0.02173295511510494	0.03748624004392636
0.4758072951431818	-0.03910834802597849	0.051901314972471836
0.4850264923056947	0.03553401645367346	-0.016654881184713713
0.4770220048147302	0.03915595696736501	0.0019315475842298312
0.4932139045043798	0.030236365600223455	-0.04986400466885432
0.47859493183158264	-0.02505994319242007	-0.012725595234425917
0.4833987124794202	0.05216649171283539	0.01198950416276729
0.4916248681466975	0.1018968087442944	0.01332607733078279
0.4685215640113004	-0.034141765204751394	0.008557037420806443
0.4833910919014522	-0.019140876469020636	-0.0012279636600180006
0.4896532972321045	0.06969412446271986	0.014298809368277958
0.4661609562407918	-0.05378456940523671	-0.057076325899694885
0.4685881827691007	0.014802339728622792	-0.013683913953154396
0.49654878794042534	0.048959243958345285	-0.01606212233068217
0.4934794401671784	-0.03279089874924182	-0.03546290201140953
0.48018628341734065	0.05583586022926314	0.012777171324866717
0.47115197997463726	0.010262650569829387	-0.016654874008910945
0.46721962753116	0.03110233865266109	-0.009107793995034634
0.49103577728259296	-0.0696675626415219	-0.03194137061363787
0.45845117015775916	-0.05101382023875356	-0.11983681953870501
0.45956721114404464	0.03128296023693365	0.12446655875243173
0.4753306786836902	0.02480979260639053	0.03485458673625538
0.4737637926697478	-0.008850976784822467	-0.062454068605961685
0.4730630520484093	0.04211080005374512	0.022245058889781417
0.4628963207231188	-0.11828693217012781	-0.030141752829732665
0.4861111143333454	-0.09089019664931398	-0.014362275863384193
0.48379599832060716	-0.13513557942408155	0.010247732016250457
0.4591124741825405	-0.07439001190480392	-0.045962743829531943
0.48506297726705094	0.00912698653376395	0.018666093522197398
0.46031109221990796	-0.064941059855741	0.0017216875560648983
0.48467910951630205	-0.03456208697163157	-0.018003979621593804
0.47006800879094884	-0.043461571451092834	-0.0037500423395621005
0.48373849499201055	-0.08964426464564629	-0.024305850155584164
0.4702950798723194	0.04464740772842579	-0.05666691258416075
0.4815619601601054	-0.0790182707438032	0.004207874564818935
0.491026032787302	-0.010164247367681485	0.046066847540889334
0.4742871115750902	-0.01376572518735473	0.022458834082387483
0.4830829990689986	-0.013517474940362534	-0.0408164536896127
0.48650657621856314	0.0005963331987637075	-0.039669912380452026
0.4821468064286857	-0.015047728367410085	-0.03944781124516443
0.4910903769244848	-0.03795844539367566	-0.015199026962137641
0.46426488184961234	-0.06577883842654432	0.05549914329893309
0.4875731269129596	-0.010458286762574865	-0.11425111065552425
0.48001120879496034	0.05247952097632576	0.02674415475381221
0.47352943145534787	-0.029711300880716898	0.08529983941123427
0.4749801791142101	-0.0007603557624475222	-0.014909591361072951
0.4763123475361766	-0.054777325028884626	0.030674957033200296
0.47906115054011944	0.08289775503524266	0.06768327171365968
0.4929759776540059	-0.004908869697902805	-0.024297505492295493
0.4824557964246585	-0.011143342576561088	0.04851752057296638
0.47857529559416495	-0.07845812962415033	-0.0044572722228446455
0.4710822439803148	0.03366150733612503	0.024159095151331317
0.48169878105451625	-0.010020415806348626	-0.02436955973879117
0.49751263814999735	-0.0115154328448818	0.032499148486039374
0.47043363711669767	-0.06267286100278067	-0.08119108378754372
0.4707872151181872	0.006042414624664096	0.005851178700339218
0.45654897074930373	-0.042970284264916676	0.022973769513289333
0.47186887785167797	-0.01747395454870101	-0.08423255876076806
0.4791349085335227	-0.045080247469844556	0.09216183522483702
0.49507469096431056	0.08544529544093067	-0.0016056886877596195
0.46637452653861194	-0.057766029415462064	0.022066893491944708
0.4587988187341892	0.014594612634887249	0.06507058941478207
0.4873132104347344	-0.06791204720871873	0.028070519190464795
0.46439096427537085	0.011472260696131812	-0.003229672152217837
0.4620443973143416	-0.009805281711778588	0.0022349661860077428
0.481870456925906	-0.016833355356548403	0.017437112220005793
0.4716548666067085	-0.024489726386743793	-0.059195361213561275
0.4939113068684504	0.00923108811285206	0.0022105398518930137
0.48649357271850785	-0.011256528000765537	-0.0013742880860601447
0.4850781706436923	-0.04474641183339636	-0.0298116633233082
0.4772889829178564	-0.027514659270321647	-0.008125683854443969
0.476887057639856	0.005509082011229145	-0.0231376445674261
0.4774788918572383	-0.06923604246007636	0.01793895518057171
0.47863026884815374	0.048709152185379176	-0.026171558437105013
0.47231909965825863	0.03751988924299473	-0.009183426422373797
0.47617467824999576	-0.046025188914882116	-0.027633962286539002
0.4670108892039689	-0.07774046557074976	0.05118761891120096
0.48254380326362756	-0.08433066339448878	-0.023458471185484473
0.4952016097453779	-0.03259722365794069	-0.07866248501005868
0.4664463132029631	-0.10375176305777616	-0.0020592787519858754
0.47843247716946596	0.007731421478172484	-0.0716705687584358
0.4797497672981535	-0.03040280931747069	0.02075081748461759
0.4775906514229418	-0.020437539043975897	-0.05213476536926988
0.46195240396123777	-0.09754446740154339	-0.04643294600546615
0.48263576819784504	-0.0806938823979548	0.07325755297210135
0.46064919428557727	0.059419090960031944	0.033862601609150465
0.4915126677955491	0.0003297682349075657	-0.016532383124069936
0.4880807208792658	-0.024518974328931655	0.0506456033048362
0.4751212419374377	0.051096821970108036	0.08236610537744062
0.4729184002277775	-0.0646625611935028	-0.0075678307371429875
0.49013233043207055	0.038209914061778226	0.001028810505546997
0.4812650657594305	0.04298864806181152	-0.00592449151743712
0.4600770881674819	-0.06606429707199116	-0.00953186095167024
0.4810693457658533	-0.07245157647640324	-0.009508191820566305
0.4703162640045726	-0.011413983230618012	0.04646974345161871
0.4721836866844839	0.06478430007337709	-0.04188202393353285
0.48328125206117944	-0.10725859084083485	-0.024014254738335933
0.47760445849394423	-0.06634966510479946	-0.030207384007319527
0.4859162732070956	-0.08762110277099219	0.037128005885585014
0.47151096989310964	-0.026734565047910646	-0.01882153875492925
0.47260568305455736	0.018293541600900704	0.03929854647836638
0.5028784934527806	-0.11332550705669038	0.026016905929650804
0.4761927046300288	0.0247741353629505	0.052091092480528824
0.4714208146561601	-0.019318450988283265	-0.01340720977733662
0.46267455719854966	-0.050450068744211506	0.09060903370000009
0.47919926370601146	0.006924265948897284	0.052846729669258144
0.47199802417602077	-0.02647384702228542	0.06633246853450007
0.46093532113805846	-0.029180358805488117	0.04023568576089883
0.4848910026897113	-0.03881657506021518	0.052325165764884815
0.4794359992905019	-0.09777574562558548	0.014138466331891402
0.48526324734466497	-0.010524244904612947	-0.04273689758233059
0.4711961608758092	-0.08123869715087352	-0.06192674643627
0.46341411599150206	-0.14027245389530144	0.018484908322161323
0.47616407265767074	-0.043619584849645135	0.10092655541895514
0.49398781415802406	-0.040074737700185624	-0.0633995001446683
0.4741881442325569	-0.04559178866045546	0.08585412919284893
0.4700339734049905	-0.07635180954666286	0.030644068816728466
0.48246680991757485	-0.0551242149823453	0.0569279430606289
0.47629947559600544	0.03474174454661773	0.0178860508185357
0.4749367359117896	0.003830943851567589	0.013779100164139222
0.47877541157473036	-0.05406904343189401	0.01892596456886665
0.4723207309807136	-0.08968390560124447	0.016078293213773145
0.470793475180438	-0.10349559766283904	0.019396390654382218
0.4657504613524175	0.0013958964594680391	-0.06786175487503754
0.4692195966264065	-0.02822300043042215	-0.06388454924490766
0.48172505195588883	0.014717340897439542	-0.027791463798526508
0.4812816701601469	-0.0030011900162216784	-0.10323794431024015
0.4756721982193567	-0.07999783513118965	0.031221822633775678
0.4608769418785034	0.044695323843826545	0.04705628910094248
0.4751461427692176	0.010376160638612561	-0.028724444683217932
0.47428987301200554	-0.08326681904497517	0.028801413992511186
0.48087967117592806	0.04119893731821906	0.06486093935929442
0.4711069351542144	-0.02038759122646218	-0.05391933865554603
0.5000326287998328	-0.04532783715790623	-0.023866465040787325
0.4747060646565989	-0.04336469004024301	-0.06550506767389155
0.4789094268658146	0.023086547409064295	0.025228692591053217
0.4709500113249268	-0.05130850666543708	-0.05751358353915135
